Time (min),Cell pot(V),Curr den (A/m^2),Capacity,Energy,Power
0.0,3.53346,70.0,0.0,22.21,201.74
0.0,3.45022,70.0,0.0,22.21,201.74
0.0,3.45022,70.0,0.0,22.21,201.74
0.0,3.45022,70.0,0.0,22.21,201.74
0.0,3.42688,70.0,0.0,22.21,201.74
0.001,3.42688,70.0,0.00011666666666666668,22.21,201.74
0.001,3.42688,70.0,0.00011666666666666668,22.21,201.74
0.001,3.4120199999999996,70.0,0.00011666666666666668,22.21,201.74
0.001,3.4120199999999996,70.0,0.00011666666666666668,22.21,201.74
0.001,3.4120199999999996,70.0,0.00011666666666666668,22.21,201.74
0.001,3.4005099999999997,70.0,0.00011666666666666668,22.21,201.74
0.001,3.4005099999999997,70.0,0.00011666666666666668,22.21,201.74
0.001,3.4005099999999997,70.0,0.00011666666666666668,22.21,201.74
0.001,3.3907800000000003,70.0,0.00011666666666666668,22.21,201.74
0.002,3.3907800000000003,70.0,0.00023333333333333336,22.21,201.74
0.002,3.3907800000000003,70.0,0.00023333333333333336,22.21,201.74
0.002,3.38216,70.0,0.00023333333333333336,22.21,201.74
0.002,3.38216,70.0,0.00023333333333333336,22.21,201.74
0.002,3.38216,70.0,0.00023333333333333336,22.21,201.74
0.002,3.37428,70.0,0.00023333333333333336,22.21,201.74
0.003,3.37428,70.0,0.00035,22.21,201.74
0.003,3.37428,70.0,0.00035,22.21,201.74
0.003,3.36692,70.0,0.00035,22.21,201.74
0.003,3.36692,70.0,0.00035,22.21,201.74
0.003,3.36692,70.0,0.00035,22.21,201.74
0.003,3.35994,70.0,0.00035,22.21,201.74
0.004,3.35994,70.0,0.0004666666666666667,22.21,201.74
0.004,3.35994,70.0,0.0004666666666666667,22.21,201.74
0.004,3.3532699999999998,70.0,0.0004666666666666667,22.21,201.74
0.005,3.3532699999999998,70.0,0.0005833333333333334,22.21,201.74
0.005,3.3532699999999998,70.0,0.0005833333333333334,22.21,201.74
0.005,3.3468199999999997,70.0,0.0005833333333333334,22.21,201.74
0.006,3.3468199999999997,70.0,0.0007,22.21,201.74
0.006,3.3468199999999997,70.0,0.0007,22.21,201.74
0.006,3.3405699999999996,70.0,0.0007,22.21,201.74
0.006999999999999999,3.3405699999999996,70.0,0.0008166666666666666,22.21,201.74
0.006999999999999999,3.3405699999999996,70.0,0.0008166666666666666,22.21,201.74
0.006999999999999999,3.33446,70.0,0.0008166666666666666,22.21,201.74
0.006999999999999999,3.33446,70.0,0.0008166666666666666,22.21,201.74
0.006999999999999999,3.33446,70.0,0.0008166666666666666,22.21,201.74
0.006999999999999999,3.3284800000000003,70.0,0.0008166666666666666,22.21,201.74
0.009000000000000001,3.3284800000000003,70.0,0.0010500000000000002,22.21,201.74
0.009000000000000001,3.3284800000000003,70.0,0.0010500000000000002,22.21,201.74
0.009000000000000001,3.32261,70.0,0.0010500000000000002,22.21,201.74
0.01,3.32261,70.0,0.0011666666666666668,22.21,201.74
0.01,3.32261,70.0,0.0011666666666666668,22.21,201.74
0.01,3.31684,70.0,0.0011666666666666668,22.21,201.74
0.011000000000000001,3.31684,70.0,0.0012833333333333336,22.21,201.74
0.011000000000000001,3.31684,70.0,0.0012833333333333336,22.21,201.74
0.011000000000000001,3.3111599999999997,70.0,0.0012833333333333336,22.21,201.74
0.012,3.3111599999999997,70.0,0.0014,22.21,201.74
0.012,3.3111599999999997,70.0,0.0014,22.21,201.74
0.012,3.30557,70.0,0.0014,22.21,201.74
0.013999999999999999,3.30557,70.0,0.0016333333333333332,22.21,201.74
0.013999999999999999,3.30557,70.0,0.0016333333333333332,22.21,201.74
0.013999999999999999,3.3000800000000003,70.0,0.0016333333333333332,22.21,201.74
0.016,3.3000800000000003,70.0,0.0018666666666666669,22.21,201.74
0.016,3.3000800000000003,70.0,0.0018666666666666669,22.21,201.74
0.016,3.2946800000000005,70.0,0.0018666666666666669,22.21,201.74
0.017,3.2946800000000005,70.0,0.0019833333333333335,22.21,201.74
0.017,3.2946800000000005,70.0,0.0019833333333333335,22.21,201.74
0.017,3.28939,70.0,0.0019833333333333335,22.21,201.74
0.019,3.28939,70.0,0.0022166666666666667,22.21,201.74
0.019,3.28939,70.0,0.0022166666666666667,22.21,201.74
0.019,3.28422,70.0,0.0022166666666666667,22.21,201.74
0.022000000000000002,3.28422,70.0,0.002566666666666667,22.21,201.74
0.022000000000000002,3.28422,70.0,0.002566666666666667,22.21,201.74
0.022000000000000002,3.2791900000000003,70.0,0.002566666666666667,22.21,201.74
0.024,3.2791900000000003,70.0,0.0028,22.21,201.74
0.024,3.2791900000000003,70.0,0.0028,22.21,201.74
0.024,3.27434,70.0,0.0028,22.21,201.74
0.027000000000000003,3.27434,70.0,0.00315,22.21,201.74
0.027000000000000003,3.27434,70.0,0.00315,22.21,201.74
0.027000000000000003,3.2697,70.0,0.00315,22.21,201.74
0.03,3.2697,70.0,0.0035,22.21,201.74
0.03,3.2697,70.0,0.0035,22.21,201.74
0.03,3.26531,70.0,0.0035,22.21,201.74
0.033,3.26531,70.0,0.00385,22.21,201.74
0.033,3.26531,70.0,0.00385,22.21,201.74
0.033,3.2612200000000002,70.0,0.00385,22.21,201.74
0.037000000000000005,3.2612200000000002,70.0,0.0043166666666666674,22.21,201.74
0.037000000000000005,3.2612200000000002,70.0,0.0043166666666666674,22.21,201.74
0.037000000000000005,3.25735,70.0,0.0043166666666666674,22.21,201.74
0.040999999999999995,3.25735,70.0,0.004783333333333333,22.21,201.74
0.040999999999999995,3.25735,70.0,0.004783333333333333,22.21,201.74
0.040999999999999995,3.25358,70.0,0.004783333333333333,22.21,201.74
0.045,3.25358,70.0,0.0052499999999999995,22.21,201.74
0.045,3.25358,70.0,0.0052499999999999995,22.21,201.74
0.045,3.24979,70.0,0.0052499999999999995,22.21,201.74
0.05,3.24979,70.0,0.005833333333333334,22.21,201.74
0.05,3.24979,70.0,0.005833333333333334,22.21,201.74
0.05,3.2459,70.0,0.005833333333333334,22.21,201.74
0.055,3.2459,70.0,0.006416666666666667,22.21,201.74
0.055,3.2459,70.0,0.006416666666666667,22.21,201.74
0.055,3.24189,70.0,0.006416666666666667,22.21,201.74
0.061,3.24189,70.0,0.007116666666666666,22.21,201.74
0.061,3.24189,70.0,0.007116666666666666,22.21,201.74
0.061,3.2377700000000003,70.0,0.007116666666666666,22.21,201.74
0.067,3.2377700000000003,70.0,0.007816666666666668,22.21,201.74
0.067,3.2377700000000003,70.0,0.007816666666666668,22.21,201.74
0.067,3.23352,70.0,0.007816666666666668,22.21,201.74
0.07400000000000001,3.23352,70.0,0.008633333333333335,22.21,201.74
0.07400000000000001,3.23352,70.0,0.008633333333333335,22.21,201.74
0.07400000000000001,3.22915,70.0,0.008633333333333335,22.21,201.74
0.08199999999999999,3.22915,70.0,0.009566666666666666,22.21,201.74
0.08199999999999999,3.22915,70.0,0.009566666666666666,22.21,201.74
0.08199999999999999,3.22464,70.0,0.009566666666666666,22.21,201.74
0.091,3.22464,70.0,0.010616666666666667,22.21,201.74
0.091,3.22464,70.0,0.010616666666666667,22.21,201.74
0.091,3.21998,70.0,0.010616666666666667,22.21,201.74
0.1,3.21998,70.0,0.011666666666666667,22.21,201.74
0.1,3.21998,70.0,0.011666666666666667,22.21,201.74
0.1,3.21518,70.0,0.011666666666666667,22.21,201.74
0.11,3.21518,70.0,0.012833333333333334,22.21,201.74
0.11,3.21518,70.0,0.012833333333333334,22.21,201.74
0.11,3.21023,70.0,0.012833333333333334,22.21,201.74
0.122,3.21023,70.0,0.014233333333333332,22.21,201.74
0.122,3.21023,70.0,0.014233333333333332,22.21,201.74
0.122,3.20512,70.0,0.014233333333333332,22.21,201.74
0.134,3.20512,70.0,0.015633333333333336,22.21,201.74
0.134,3.20512,70.0,0.015633333333333336,22.21,201.74
0.134,3.19985,70.0,0.015633333333333336,22.21,201.74
0.14800000000000002,3.19985,70.0,0.01726666666666667,22.21,201.74
0.14800000000000002,3.19985,70.0,0.01726666666666667,22.21,201.74
0.14800000000000002,3.19441,70.0,0.01726666666666667,22.21,201.74
0.163,3.19441,70.0,0.019016666666666668,22.21,201.74
0.163,3.19441,70.0,0.019016666666666668,22.21,201.74
0.163,3.18879,70.0,0.019016666666666668,22.21,201.74
0.18,3.18879,70.0,0.020999999999999998,22.21,201.74
0.18,3.18879,70.0,0.020999999999999998,22.21,201.74
0.18,3.183,70.0,0.020999999999999998,22.21,201.74
0.198,3.183,70.0,0.023100000000000002,22.21,201.74
0.198,3.183,70.0,0.023100000000000002,22.21,201.74
0.198,3.17758,70.0,0.023100000000000002,22.21,201.74
0.21600000000000003,3.17758,70.0,0.0252,22.21,201.74
0.21600000000000003,3.17758,70.0,0.0252,22.21,201.74
0.21600000000000003,3.17246,70.0,0.0252,22.21,201.74
0.23399999999999999,3.17246,70.0,0.027299999999999998,22.21,201.74
0.23399999999999999,3.17246,70.0,0.027299999999999998,22.21,201.74
0.23399999999999999,3.16761,70.0,0.027299999999999998,22.21,201.74
0.253,3.16761,70.0,0.029516666666666667,22.21,201.74
0.253,3.16761,70.0,0.029516666666666667,22.21,201.74
0.253,3.16299,70.0,0.029516666666666667,22.21,201.74
0.271,3.16299,70.0,0.03161666666666667,22.21,201.74
0.271,3.16299,70.0,0.03161666666666667,22.21,201.74
0.271,3.1585799999999997,70.0,0.03161666666666667,22.21,201.74
0.289,3.1585799999999997,70.0,0.03371666666666666,22.21,201.74
0.289,3.1585799999999997,70.0,0.03371666666666666,22.21,201.74
0.289,3.15435,70.0,0.03371666666666666,22.21,201.74
0.307,3.15435,70.0,0.03581666666666666,22.21,201.74
0.307,3.15435,70.0,0.03581666666666666,22.21,201.74
0.307,3.15029,70.0,0.03581666666666666,22.21,201.74
0.326,3.15029,70.0,0.038033333333333336,22.21,201.74
0.326,3.15029,70.0,0.038033333333333336,22.21,201.74
0.326,3.1463900000000002,70.0,0.038033333333333336,22.21,201.74
0.344,3.1463900000000002,70.0,0.04013333333333333,22.21,201.74
0.344,3.1463900000000002,70.0,0.04013333333333333,22.21,201.74
0.344,3.14263,70.0,0.04013333333333333,22.21,201.74
0.36200000000000004,3.14263,70.0,0.04223333333333334,22.21,201.74
0.36200000000000004,3.14263,70.0,0.04223333333333334,22.21,201.74
0.36200000000000004,3.139,70.0,0.04223333333333334,22.21,201.74
0.38,3.139,70.0,0.044333333333333336,22.21,201.74
0.38,3.139,70.0,0.044333333333333336,22.21,201.74
0.38,3.1354900000000003,70.0,0.044333333333333336,22.21,201.74
0.39899999999999997,3.1354900000000003,70.0,0.046549999999999994,22.21,201.74
0.39899999999999997,3.1354900000000003,70.0,0.046549999999999994,22.21,201.74
0.39899999999999997,3.1320799999999998,70.0,0.046549999999999994,22.21,201.74
0.41700000000000004,3.1320799999999998,70.0,0.04865,22.21,201.74
0.41700000000000004,3.1320799999999998,70.0,0.04865,22.21,201.74
0.41700000000000004,3.12879,70.0,0.04865,22.21,201.74
0.435,3.12879,70.0,0.050749999999999997,22.21,201.74
0.435,3.12879,70.0,0.050749999999999997,22.21,201.74
0.435,3.12558,70.0,0.050749999999999997,22.21,201.74
0.45299999999999996,3.12558,70.0,0.052849999999999994,22.21,201.74
0.45299999999999996,3.12558,70.0,0.052849999999999994,22.21,201.74
0.45299999999999996,3.12247,70.0,0.052849999999999994,22.21,201.74
0.47200000000000003,3.12247,70.0,0.05506666666666667,22.21,201.74
0.47200000000000003,3.12247,70.0,0.05506666666666667,22.21,201.74
0.47200000000000003,3.11943,70.0,0.05506666666666667,22.21,201.74
0.49,3.11943,70.0,0.057166666666666664,22.21,201.74
0.49,3.11943,70.0,0.057166666666666664,22.21,201.74
0.49,3.11648,70.0,0.057166666666666664,22.21,201.74
0.508,3.11648,70.0,0.05926666666666667,22.21,201.74
0.508,3.11648,70.0,0.05926666666666667,22.21,201.74
0.508,3.1136,70.0,0.05926666666666667,22.21,201.74
0.526,3.1136,70.0,0.06136666666666667,22.21,201.74
0.526,3.1136,70.0,0.06136666666666667,22.21,201.74
0.526,3.11079,70.0,0.06136666666666667,22.21,201.74
0.545,3.11079,70.0,0.06358333333333334,22.21,201.74
0.545,3.11079,70.0,0.06358333333333334,22.21,201.74
0.545,3.10805,70.0,0.06358333333333334,22.21,201.74
0.563,3.10805,70.0,0.06568333333333333,22.21,201.74
0.563,3.10805,70.0,0.06568333333333333,22.21,201.74
0.563,3.1053599999999997,70.0,0.06568333333333333,22.21,201.74
0.581,3.1053599999999997,70.0,0.06778333333333332,22.21,201.74
0.581,3.1053599999999997,70.0,0.06778333333333332,22.21,201.74
0.581,3.1027400000000003,70.0,0.06778333333333332,22.21,201.74
0.599,3.1027400000000003,70.0,0.06988333333333334,22.21,201.74
0.599,3.1027400000000003,70.0,0.06988333333333334,22.21,201.74
0.599,3.10017,70.0,0.06988333333333334,22.21,201.74
0.618,3.10017,70.0,0.0721,22.21,201.74
0.618,3.10017,70.0,0.0721,22.21,201.74
0.618,3.09765,70.0,0.0721,22.21,201.74
0.636,3.09765,70.0,0.0742,22.21,201.74
0.636,3.09765,70.0,0.0742,22.21,201.74
0.636,3.09518,70.0,0.0742,22.21,201.74
0.654,3.09518,70.0,0.0763,22.21,201.74
0.654,3.09518,70.0,0.0763,22.21,201.74
0.654,3.0927599999999997,70.0,0.0763,22.21,201.74
0.672,3.0927599999999997,70.0,0.07840000000000001,22.21,201.74
0.672,3.0927599999999997,70.0,0.07840000000000001,22.21,201.74
0.672,3.09039,70.0,0.07840000000000001,22.21,201.74
0.691,3.09039,70.0,0.08061666666666666,22.21,201.74
0.691,3.09039,70.0,0.08061666666666666,22.21,201.74
0.691,3.08806,70.0,0.08061666666666666,22.21,201.74
0.7090000000000001,3.08806,70.0,0.08271666666666667,22.21,201.74
0.7090000000000001,3.08806,70.0,0.08271666666666667,22.21,201.74
0.7090000000000001,3.08577,70.0,0.08271666666666667,22.21,201.74
0.727,3.08577,70.0,0.08481666666666667,22.21,201.74
0.727,3.08577,70.0,0.08481666666666667,22.21,201.74
0.727,3.08352,70.0,0.08481666666666667,22.21,201.74
0.745,3.08352,70.0,0.08691666666666667,22.21,201.74
0.745,3.08352,70.0,0.08691666666666667,22.21,201.74
0.745,3.0813099999999998,70.0,0.08691666666666667,22.21,201.74
0.764,3.0813099999999998,70.0,0.08913333333333334,22.21,201.74
0.764,3.0813099999999998,70.0,0.08913333333333334,22.21,201.74
0.764,3.07913,70.0,0.08913333333333334,22.21,201.74
0.782,3.07913,70.0,0.09123333333333333,22.21,201.74
0.782,3.07913,70.0,0.09123333333333333,22.21,201.74
0.782,3.0769900000000003,70.0,0.09123333333333333,22.21,201.74
0.8,3.0769900000000003,70.0,0.09333333333333334,22.21,201.74
0.8,3.0769900000000003,70.0,0.09333333333333334,22.21,201.74
0.8,3.07488,70.0,0.09333333333333334,22.21,201.74
0.818,3.07488,70.0,0.09543333333333333,22.21,201.74
0.818,3.07488,70.0,0.09543333333333333,22.21,201.74
0.818,3.0728,70.0,0.09543333333333333,22.21,201.74
0.8370000000000001,3.0728,70.0,0.09765,22.21,201.74
0.8370000000000001,3.0728,70.0,0.09765,22.21,201.74
0.8370000000000001,3.07075,70.0,0.09765,22.21,201.74
0.855,3.07075,70.0,0.09975,22.21,201.74
0.855,3.07075,70.0,0.09975,22.21,201.74
0.855,3.06874,70.0,0.09975,22.21,201.74
0.873,3.06874,70.0,0.10185,22.21,201.74
0.873,3.06874,70.0,0.10185,22.21,201.74
0.873,3.06675,70.0,0.10185,22.21,201.74
0.8909999999999999,3.06675,70.0,0.10394999999999999,22.21,201.74
0.8909999999999999,3.06675,70.0,0.10394999999999999,22.21,201.74
0.8909999999999999,3.06478,70.0,0.10394999999999999,22.21,201.74
0.91,3.06478,70.0,0.10616666666666667,22.21,201.74
0.91,3.06478,70.0,0.10616666666666667,22.21,201.74
0.91,3.06284,70.0,0.10616666666666667,22.21,201.74
0.9279999999999999,3.06284,70.0,0.10826666666666665,22.21,201.74
0.9279999999999999,3.06284,70.0,0.10826666666666665,22.21,201.74
0.9279999999999999,3.06093,70.0,0.10826666666666665,22.21,201.74
0.946,3.06093,70.0,0.11036666666666667,22.21,201.74
0.946,3.06093,70.0,0.11036666666666667,22.21,201.74
0.946,3.05904,70.0,0.11036666666666667,22.21,201.74
0.9640000000000001,3.05904,70.0,0.11246666666666667,22.21,201.74
0.9640000000000001,3.05904,70.0,0.11246666666666667,22.21,201.74
0.9640000000000001,3.05717,70.0,0.11246666666666667,22.21,201.74
0.983,3.05717,70.0,0.11468333333333333,22.21,201.74
0.983,3.05717,70.0,0.11468333333333333,22.21,201.74
0.983,3.05533,70.0,0.11468333333333333,22.21,201.74
1.001,3.05533,70.0,0.11678333333333332,22.21,201.74
1.001,3.05533,70.0,0.11678333333333332,22.21,201.74
1.001,3.0535099999999997,70.0,0.11678333333333332,22.21,201.74
1.0190000000000001,3.0535099999999997,70.0,0.11888333333333335,22.21,201.74
1.0190000000000001,3.0535099999999997,70.0,0.11888333333333335,22.21,201.74
1.0190000000000001,3.0517,70.0,0.11888333333333335,22.21,201.74
1.038,3.0517,70.0,0.1211,22.21,201.74
1.038,3.0517,70.0,0.1211,22.21,201.74
1.038,3.04992,70.0,0.1211,22.21,201.74
1.056,3.04992,70.0,0.1232,22.21,201.74
1.056,3.04992,70.0,0.1232,22.21,201.74
1.056,3.0481599999999998,70.0,0.1232,22.21,201.74
1.074,3.0481599999999998,70.0,0.12530000000000002,22.21,201.74
1.074,3.0481599999999998,70.0,0.12530000000000002,22.21,201.74
1.074,3.04641,70.0,0.12530000000000002,22.21,201.74
1.092,3.04641,70.0,0.1274,22.21,201.74
1.092,3.04641,70.0,0.1274,22.21,201.74
1.092,3.04468,70.0,0.1274,22.21,201.74
1.111,3.04468,70.0,0.12961666666666666,22.21,201.74
1.111,3.04468,70.0,0.12961666666666666,22.21,201.74
1.111,3.04297,70.0,0.12961666666666666,22.21,201.74
1.129,3.04297,70.0,0.13171666666666668,22.21,201.74
1.129,3.04297,70.0,0.13171666666666668,22.21,201.74
1.129,3.04128,70.0,0.13171666666666668,22.21,201.74
1.147,3.04128,70.0,0.13381666666666667,22.21,201.74
1.147,3.04128,70.0,0.13381666666666667,22.21,201.74
1.147,3.0396,70.0,0.13381666666666667,22.21,201.74
1.165,3.0396,70.0,0.13591666666666666,22.21,201.74
1.165,3.0396,70.0,0.13591666666666666,22.21,201.74
1.165,3.0379400000000003,70.0,0.13591666666666666,22.21,201.74
1.1840000000000002,3.0379400000000003,70.0,0.13813333333333336,22.21,201.74
1.1840000000000002,3.0379400000000003,70.0,0.13813333333333336,22.21,201.74
1.1840000000000002,3.03629,70.0,0.13813333333333336,22.21,201.74
1.202,3.03629,70.0,0.14023333333333332,22.21,201.74
1.202,3.03629,70.0,0.14023333333333332,22.21,201.74
1.202,3.03465,70.0,0.14023333333333332,22.21,201.74
1.22,3.03465,70.0,0.1423333333333333,22.21,201.74
1.22,3.03465,70.0,0.1423333333333333,22.21,201.74
1.22,3.03303,70.0,0.1423333333333333,22.21,201.74
1.238,3.03303,70.0,0.14443333333333333,22.21,201.74
1.238,3.03303,70.0,0.14443333333333333,22.21,201.74
1.238,3.03143,70.0,0.14443333333333333,22.21,201.74
1.2570000000000001,3.03143,70.0,0.14665,22.21,201.74
1.2570000000000001,3.03143,70.0,0.14665,22.21,201.74
1.2570000000000001,3.02983,70.0,0.14665,22.21,201.74
1.275,3.02983,70.0,0.14875,22.21,201.74
1.275,3.02983,70.0,0.14875,22.21,201.74
1.275,3.02825,70.0,0.14875,22.21,201.74
1.2930000000000001,3.02825,70.0,0.15085,22.21,201.74
1.2930000000000001,3.02825,70.0,0.15085,22.21,201.74
1.2930000000000001,3.02668,70.0,0.15085,22.21,201.74
1.311,3.02668,70.0,0.15295,22.21,201.74
1.311,3.02668,70.0,0.15295,22.21,201.74
1.311,3.02513,70.0,0.15295,22.21,201.74
1.33,3.02513,70.0,0.15516666666666667,22.21,201.74
1.33,3.02513,70.0,0.15516666666666667,22.21,201.74
1.33,3.02358,70.0,0.15516666666666667,22.21,201.74
1.348,3.02358,70.0,0.15726666666666667,22.21,201.74
1.348,3.02358,70.0,0.15726666666666667,22.21,201.74
1.348,3.02204,70.0,0.15726666666666667,22.21,201.74
1.3659999999999999,3.02204,70.0,0.15936666666666666,22.21,201.74
1.3659999999999999,3.02204,70.0,0.15936666666666666,22.21,201.74
1.3659999999999999,3.02052,70.0,0.15936666666666666,22.21,201.74
1.3840000000000001,3.02052,70.0,0.16146666666666668,22.21,201.74
1.3840000000000001,3.02052,70.0,0.16146666666666668,22.21,201.74
1.3840000000000001,3.0190099999999997,70.0,0.16146666666666668,22.21,201.74
1.403,3.0190099999999997,70.0,0.16368333333333335,22.21,201.74
1.403,3.0190099999999997,70.0,0.16368333333333335,22.21,201.74
1.403,3.0175,70.0,0.16368333333333335,22.21,201.74
1.421,3.0175,70.0,0.16578333333333334,22.21,201.74
1.421,3.0175,70.0,0.16578333333333334,22.21,201.74
1.421,3.0160099999999996,70.0,0.16578333333333334,22.21,201.74
1.439,3.0160099999999996,70.0,0.16788333333333333,22.21,201.74
1.439,3.0160099999999996,70.0,0.16788333333333333,22.21,201.74
1.439,3.01452,70.0,0.16788333333333333,22.21,201.74
1.4569999999999999,3.01452,70.0,0.16998333333333332,22.21,201.74
1.4569999999999999,3.01452,70.0,0.16998333333333332,22.21,201.74
1.4569999999999999,3.01305,70.0,0.16998333333333332,22.21,201.74
1.476,3.01305,70.0,0.1722,22.21,201.74
1.476,3.01305,70.0,0.1722,22.21,201.74
1.476,3.01158,70.0,0.1722,22.21,201.74
1.494,3.01158,70.0,0.1743,22.21,201.74
1.494,3.01158,70.0,0.1743,22.21,201.74
1.494,3.01012,70.0,0.1743,22.21,201.74
1.5119999999999998,3.01012,70.0,0.17639999999999997,22.21,201.74
1.5119999999999998,3.01012,70.0,0.17639999999999997,22.21,201.74
1.5119999999999998,3.00867,70.0,0.17639999999999997,22.21,201.74
1.53,3.00867,70.0,0.17850000000000002,22.21,201.74
1.53,3.00867,70.0,0.17850000000000002,22.21,201.74
1.53,3.00723,70.0,0.17850000000000002,22.21,201.74
1.5490000000000002,3.00723,70.0,0.18071666666666666,22.21,201.74
1.5490000000000002,3.00723,70.0,0.18071666666666666,22.21,201.74
1.5490000000000002,3.0058,70.0,0.18071666666666666,22.21,201.74
1.567,3.0058,70.0,0.18281666666666666,22.21,201.74
1.567,3.0058,70.0,0.18281666666666666,22.21,201.74
1.567,3.00437,70.0,0.18281666666666666,22.21,201.74
1.585,3.00437,70.0,0.18491666666666667,22.21,201.74
1.585,3.00437,70.0,0.18491666666666667,22.21,201.74
1.585,3.00295,70.0,0.18491666666666667,22.21,201.74
1.6030000000000002,3.00295,70.0,0.1870166666666667,22.21,201.74
1.6030000000000002,3.00295,70.0,0.1870166666666667,22.21,201.74
1.6030000000000002,3.0015400000000003,70.0,0.1870166666666667,22.21,201.74
1.6219999999999999,3.0015400000000003,70.0,0.1892333333333333,22.21,201.74
1.6219999999999999,3.0015400000000003,70.0,0.1892333333333333,22.21,201.74
1.6219999999999999,3.00014,70.0,0.1892333333333333,22.21,201.74
1.64,3.00014,70.0,0.19133333333333333,22.21,201.74
1.64,3.00014,70.0,0.19133333333333333,22.21,201.74
1.64,2.99874,70.0,0.19133333333333333,22.21,201.74
1.6580000000000001,2.99874,70.0,0.19343333333333337,22.21,201.74
1.6580000000000001,2.99874,70.0,0.19343333333333337,22.21,201.74
1.6580000000000001,2.99735,70.0,0.19343333333333337,22.21,201.74
1.676,2.99735,70.0,0.1955333333333333,22.21,201.74
1.676,2.99735,70.0,0.1955333333333333,22.21,201.74
1.676,2.9959599999999997,70.0,0.1955333333333333,22.21,201.74
1.695,2.9959599999999997,70.0,0.19775,22.21,201.74
1.695,2.9959599999999997,70.0,0.19775,22.21,201.74
1.695,2.99458,70.0,0.19775,22.21,201.74
1.713,2.99458,70.0,0.19985000000000003,22.21,201.74
1.713,2.99458,70.0,0.19985000000000003,22.21,201.74
1.713,2.99321,70.0,0.19985000000000003,22.21,201.74
1.7309999999999999,2.99321,70.0,0.20195,22.21,201.74
1.7309999999999999,2.99321,70.0,0.20195,22.21,201.74
1.7309999999999999,2.9918400000000003,70.0,0.20195,22.21,201.74
1.749,2.9918400000000003,70.0,0.20405,22.21,201.74
1.749,2.9918400000000003,70.0,0.20405,22.21,201.74
1.749,2.99048,70.0,0.20405,22.21,201.74
1.768,2.99048,70.0,0.20626666666666668,22.21,201.74
1.768,2.99048,70.0,0.20626666666666668,22.21,201.74
1.768,2.98912,70.0,0.20626666666666668,22.21,201.74
1.786,2.98912,70.0,0.20836666666666667,22.21,201.74
1.786,2.98912,70.0,0.20836666666666667,22.21,201.74
1.786,2.9877700000000003,70.0,0.20836666666666667,22.21,201.74
1.804,2.9877700000000003,70.0,0.21046666666666666,22.21,201.74
1.804,2.9877700000000003,70.0,0.21046666666666666,22.21,201.74
1.804,2.98642,70.0,0.21046666666666666,22.21,201.74
1.8219999999999998,2.98642,70.0,0.21256666666666665,22.21,201.74
1.8219999999999998,2.98642,70.0,0.21256666666666665,22.21,201.74
1.8219999999999998,2.98508,70.0,0.21256666666666665,22.21,201.74
1.841,2.98508,70.0,0.21478333333333335,22.21,201.74
1.841,2.98508,70.0,0.21478333333333335,22.21,201.74
1.841,2.98375,70.0,0.21478333333333335,22.21,201.74
1.859,2.98375,70.0,0.21688333333333332,22.21,201.74
1.859,2.98375,70.0,0.21688333333333332,22.21,201.74
1.859,2.98241,70.0,0.21688333333333332,22.21,201.74
1.8769999999999998,2.98241,70.0,0.2189833333333333,22.21,201.74
1.8769999999999998,2.98241,70.0,0.2189833333333333,22.21,201.74
1.8769999999999998,2.98108,70.0,0.2189833333333333,22.21,201.74
1.895,2.98108,70.0,0.22108333333333335,22.21,201.74
1.895,2.98108,70.0,0.22108333333333335,22.21,201.74
1.895,2.9797599999999997,70.0,0.22108333333333335,22.21,201.74
1.9140000000000001,2.9797599999999997,70.0,0.22330000000000003,22.21,201.74
1.9140000000000001,2.9797599999999997,70.0,0.22330000000000003,22.21,201.74
1.9140000000000001,2.97844,70.0,0.22330000000000003,22.21,201.74
1.932,2.97844,70.0,0.22540000000000002,22.21,201.74
1.932,2.97844,70.0,0.22540000000000002,22.21,201.74
1.932,2.97712,70.0,0.22540000000000002,22.21,201.74
1.95,2.97712,70.0,0.2275,22.21,201.74
1.95,2.97712,70.0,0.2275,22.21,201.74
1.95,2.97581,70.0,0.2275,22.21,201.74
1.9680000000000002,2.97581,70.0,0.22960000000000003,22.21,201.74
1.9680000000000002,2.97581,70.0,0.22960000000000003,22.21,201.74
1.9680000000000002,2.9745,70.0,0.22960000000000003,22.21,201.74
1.9869999999999999,2.9745,70.0,0.23181666666666667,22.21,201.74
1.9869999999999999,2.9745,70.0,0.23181666666666667,22.21,201.74
1.9869999999999999,2.97319,70.0,0.23181666666666667,22.21,201.74
2.005,2.97319,70.0,0.23391666666666666,22.21,201.74
2.005,2.97319,70.0,0.23391666666666666,22.21,201.74
2.005,2.97188,70.0,0.23391666666666666,22.21,201.74
2.023,2.97188,70.0,0.23601666666666668,22.21,201.74
2.023,2.97188,70.0,0.23601666666666668,22.21,201.74
2.023,2.97058,70.0,0.23601666666666668,22.21,201.74
2.042,2.97058,70.0,0.23823333333333332,22.21,201.74
2.042,2.97058,70.0,0.23823333333333332,22.21,201.74
2.042,2.96928,70.0,0.23823333333333332,22.21,201.74
2.06,2.96928,70.0,0.24033333333333337,22.21,201.74
2.06,2.96928,70.0,0.24033333333333337,22.21,201.74
2.06,2.96798,70.0,0.24033333333333337,22.21,201.74
2.0780000000000003,2.96798,70.0,0.24243333333333333,22.21,201.74
2.0780000000000003,2.96798,70.0,0.24243333333333333,22.21,201.74
2.0780000000000003,2.9666900000000003,70.0,0.24243333333333333,22.21,201.74
2.096,2.9666900000000003,70.0,0.24453333333333332,22.21,201.74
2.096,2.9666900000000003,70.0,0.24453333333333332,22.21,201.74
2.096,2.96539,70.0,0.24453333333333332,22.21,201.74
2.115,2.96539,70.0,0.24675000000000002,22.21,201.74
2.115,2.96539,70.0,0.24675000000000002,22.21,201.74
2.115,2.9641,70.0,0.24675000000000002,22.21,201.74
2.133,2.9641,70.0,0.24885000000000002,22.21,201.74
2.133,2.9641,70.0,0.24885000000000002,22.21,201.74
2.133,2.9628099999999997,70.0,0.24885000000000002,22.21,201.74
2.151,2.9628099999999997,70.0,0.25095,22.21,201.74
2.151,2.9628099999999997,70.0,0.25095,22.21,201.74
2.151,2.96152,70.0,0.25095,22.21,201.74
2.169,2.96152,70.0,0.25305,22.21,201.74
2.169,2.96152,70.0,0.25305,22.21,201.74
2.169,2.96023,70.0,0.25305,22.21,201.74
2.188,2.96023,70.0,0.2552666666666667,22.21,201.74
2.188,2.96023,70.0,0.2552666666666667,22.21,201.74
2.188,2.95893,70.0,0.2552666666666667,22.21,201.74
2.206,2.95893,70.0,0.25736666666666663,22.21,201.74
2.206,2.95893,70.0,0.25736666666666663,22.21,201.74
2.206,2.95764,70.0,0.25736666666666663,22.21,201.74
2.224,2.95764,70.0,0.2594666666666667,22.21,201.74
2.224,2.95764,70.0,0.2594666666666667,22.21,201.74
2.224,2.95635,70.0,0.2594666666666667,22.21,201.74
2.242,2.95635,70.0,0.26156666666666667,22.21,201.74
2.242,2.95635,70.0,0.26156666666666667,22.21,201.74
2.242,2.95505,70.0,0.26156666666666667,22.21,201.74
2.261,2.95505,70.0,0.26378333333333337,22.21,201.74
2.261,2.95505,70.0,0.26378333333333337,22.21,201.74
2.261,2.95375,70.0,0.26378333333333337,22.21,201.74
2.279,2.95375,70.0,0.26588333333333336,22.21,201.74
2.279,2.95375,70.0,0.26588333333333336,22.21,201.74
2.279,2.95245,70.0,0.26588333333333336,22.21,201.74
2.2969999999999997,2.95245,70.0,0.2679833333333333,22.21,201.74
2.2969999999999997,2.95245,70.0,0.2679833333333333,22.21,201.74
2.2969999999999997,2.95114,70.0,0.2679833333333333,22.21,201.74
2.315,2.95114,70.0,0.2700833333333333,22.21,201.74
2.315,2.95114,70.0,0.2700833333333333,22.21,201.74
2.315,2.94983,70.0,0.2700833333333333,22.21,201.74
2.334,2.94983,70.0,0.2723,22.21,201.74
2.334,2.94983,70.0,0.2723,22.21,201.74
2.334,2.9485099999999997,70.0,0.2723,22.21,201.74
2.352,2.9485099999999997,70.0,0.2744,22.21,201.74
2.352,2.9485099999999997,70.0,0.2744,22.21,201.74
2.352,2.94718,70.0,0.2744,22.21,201.74
2.37,2.94718,70.0,0.2765,22.21,201.74
2.37,2.94718,70.0,0.2765,22.21,201.74
2.37,2.94585,70.0,0.2765,22.21,201.74
2.388,2.94585,70.0,0.2786,22.21,201.74
2.388,2.94585,70.0,0.2786,22.21,201.74
2.388,2.9445,70.0,0.2786,22.21,201.74
2.407,2.9445,70.0,0.28081666666666666,22.21,201.74
2.407,2.9445,70.0,0.28081666666666666,22.21,201.74
2.407,2.94314,70.0,0.28081666666666666,22.21,201.74
2.425,2.94314,70.0,0.28291666666666665,22.21,201.74
2.425,2.94314,70.0,0.28291666666666665,22.21,201.74
2.425,2.94177,70.0,0.28291666666666665,22.21,201.74
2.443,2.94177,70.0,0.28501666666666664,22.21,201.74
2.443,2.94177,70.0,0.28501666666666664,22.21,201.74
2.443,2.9403799999999998,70.0,0.28501666666666664,22.21,201.74
2.461,2.9403799999999998,70.0,0.28711666666666663,22.21,201.74
2.461,2.9403799999999998,70.0,0.28711666666666663,22.21,201.74
2.461,2.93897,70.0,0.28711666666666663,22.21,201.74
2.48,2.93897,70.0,0.28933333333333333,22.21,201.74
2.48,2.93897,70.0,0.28933333333333333,22.21,201.74
2.48,2.9375400000000003,70.0,0.28933333333333333,22.21,201.74
2.498,2.9375400000000003,70.0,0.2914333333333334,22.21,201.74
2.498,2.9375400000000003,70.0,0.2914333333333334,22.21,201.74
2.498,2.93609,70.0,0.2914333333333334,22.21,201.74
2.516,2.93609,70.0,0.29353333333333337,22.21,201.74
2.516,2.93609,70.0,0.29353333333333337,22.21,201.74
2.516,2.9346099999999997,70.0,0.29353333333333337,22.21,201.74
2.5340000000000003,2.9346099999999997,70.0,0.29563333333333336,22.21,201.74
2.5340000000000003,2.9346099999999997,70.0,0.29563333333333336,22.21,201.74
2.5340000000000003,2.9331,70.0,0.29563333333333336,22.21,201.74
2.553,2.9331,70.0,0.29785,22.21,201.74
2.553,2.9331,70.0,0.29785,22.21,201.74
2.553,2.9315599999999997,70.0,0.29785,22.21,201.74
2.571,2.9315599999999997,70.0,0.29995,22.21,201.74
2.571,2.9315599999999997,70.0,0.29995,22.21,201.74
2.571,2.92999,70.0,0.29995,22.21,201.74
2.589,2.92999,70.0,0.30205,22.21,201.74
2.589,2.92999,70.0,0.30205,22.21,201.74
2.589,2.9283799999999998,70.0,0.30205,22.21,201.74
2.6069999999999998,2.9283799999999998,70.0,0.30415,22.21,201.74
2.6069999999999998,2.9283799999999998,70.0,0.30415,22.21,201.74
2.6069999999999998,2.92674,70.0,0.30415,22.21,201.74
2.6260000000000003,2.92674,70.0,0.3063666666666667,22.21,201.74
2.6260000000000003,2.92674,70.0,0.3063666666666667,22.21,201.74
2.6260000000000003,2.9250599999999998,70.0,0.3063666666666667,22.21,201.74
2.6439999999999997,2.9250599999999998,70.0,0.30846666666666667,22.21,201.74
2.6439999999999997,2.9250599999999998,70.0,0.30846666666666667,22.21,201.74
2.6439999999999997,2.92335,70.0,0.30846666666666667,22.21,201.74
2.662,2.92335,70.0,0.31056666666666666,22.21,201.74
2.662,2.92335,70.0,0.31056666666666666,22.21,201.74
2.662,2.92159,70.0,0.31056666666666666,22.21,201.74
2.68,2.92159,70.0,0.3126666666666667,22.21,201.74
2.68,2.92159,70.0,0.3126666666666667,22.21,201.74
2.68,2.9198,70.0,0.3126666666666667,22.21,201.74
2.699,2.9198,70.0,0.3148833333333333,22.21,201.74
2.699,2.9198,70.0,0.3148833333333333,22.21,201.74
2.699,2.91797,70.0,0.3148833333333333,22.21,201.74
2.717,2.91797,70.0,0.31698333333333334,22.21,201.74
2.717,2.91797,70.0,0.31698333333333334,22.21,201.74
2.717,2.9161,70.0,0.31698333333333334,22.21,201.74
2.735,2.9161,70.0,0.31908333333333333,22.21,201.74
2.735,2.9161,70.0,0.31908333333333333,22.21,201.74
2.735,2.9142,70.0,0.31908333333333333,22.21,201.74
2.753,2.9142,70.0,0.3211833333333333,22.21,201.74
2.753,2.9142,70.0,0.3211833333333333,22.21,201.74
2.753,2.91226,70.0,0.3211833333333333,22.21,201.74
2.772,2.91226,70.0,0.32339999999999997,22.21,201.74
2.772,2.91226,70.0,0.32339999999999997,22.21,201.74
2.772,2.9102900000000003,70.0,0.32339999999999997,22.21,201.74
2.79,2.9102900000000003,70.0,0.3255,22.21,201.74
2.79,2.9102900000000003,70.0,0.3255,22.21,201.74
2.79,2.90829,70.0,0.3255,22.21,201.74
2.8080000000000003,2.90829,70.0,0.32760000000000006,22.21,201.74
2.8080000000000003,2.90829,70.0,0.32760000000000006,22.21,201.74
2.8080000000000003,2.90626,70.0,0.32760000000000006,22.21,201.74
2.826,2.90626,70.0,0.3297,22.21,201.74
2.826,2.90626,70.0,0.3297,22.21,201.74
2.826,2.9042,70.0,0.3297,22.21,201.74
2.845,2.9042,70.0,0.3319166666666667,22.21,201.74
2.845,2.9042,70.0,0.3319166666666667,22.21,201.74
2.845,2.90212,70.0,0.3319166666666667,22.21,201.74
2.863,2.90212,70.0,0.3340166666666667,22.21,201.74
2.863,2.90212,70.0,0.3340166666666667,22.21,201.74
2.863,2.90002,70.0,0.3340166666666667,22.21,201.74
2.8810000000000002,2.90002,70.0,0.3361166666666667,22.21,201.74
2.8810000000000002,2.90002,70.0,0.3361166666666667,22.21,201.74
2.8810000000000002,2.89791,70.0,0.3361166666666667,22.21,201.74
2.8989999999999996,2.89791,70.0,0.3382166666666666,22.21,201.74
2.8989999999999996,2.89791,70.0,0.3382166666666666,22.21,201.74
2.8989999999999996,2.89578,70.0,0.3382166666666666,22.21,201.74
2.918,2.89578,70.0,0.34043333333333337,22.21,201.74
2.918,2.89578,70.0,0.34043333333333337,22.21,201.74
2.918,2.89364,70.0,0.34043333333333337,22.21,201.74
2.9360000000000004,2.89364,70.0,0.3425333333333334,22.21,201.74
2.9360000000000004,2.89364,70.0,0.3425333333333334,22.21,201.74
2.9360000000000004,2.89149,70.0,0.3425333333333334,22.21,201.74
2.9539999999999997,2.89149,70.0,0.3446333333333333,22.21,201.74
2.9539999999999997,2.89149,70.0,0.3446333333333333,22.21,201.74
2.9539999999999997,2.8893400000000002,70.0,0.3446333333333333,22.21,201.74
2.972,2.8893400000000002,70.0,0.34673333333333334,22.21,201.74
2.972,2.8893400000000002,70.0,0.34673333333333334,22.21,201.74
2.972,2.8871900000000004,70.0,0.34673333333333334,22.21,201.74
2.991,2.8871900000000004,70.0,0.34895,22.21,201.74
2.991,2.8871900000000004,70.0,0.34895,22.21,201.74
2.991,2.88505,70.0,0.34895,22.21,201.74
3.009,2.88505,70.0,0.35105,22.21,201.74
3.009,2.88505,70.0,0.35105,22.21,201.74
3.009,2.88291,70.0,0.35105,22.21,201.74
3.0269999999999997,2.88291,70.0,0.35314999999999996,22.21,201.74
3.0269999999999997,2.88291,70.0,0.35314999999999996,22.21,201.74
3.0269999999999997,2.88079,70.0,0.35314999999999996,22.21,201.74
3.0460000000000003,2.88079,70.0,0.3553666666666667,22.21,201.74
3.0460000000000003,2.88079,70.0,0.3553666666666667,22.21,201.74
3.0460000000000003,2.87868,70.0,0.3553666666666667,22.21,201.74
3.0639999999999996,2.87868,70.0,0.3574666666666666,22.21,201.74
3.0639999999999996,2.87868,70.0,0.3574666666666666,22.21,201.74
3.0639999999999996,2.87659,70.0,0.3574666666666666,22.21,201.74
3.082,2.87659,70.0,0.35956666666666665,22.21,201.74
3.082,2.87659,70.0,0.35956666666666665,22.21,201.74
3.082,2.87452,70.0,0.35956666666666665,22.21,201.74
3.1,2.87452,70.0,0.3616666666666667,22.21,201.74
3.1,2.87452,70.0,0.3616666666666667,22.21,201.74
3.1,2.87247,70.0,0.3616666666666667,22.21,201.74
3.1189999999999998,2.87247,70.0,0.3638833333333333,22.21,201.74
3.1189999999999998,2.87247,70.0,0.3638833333333333,22.21,201.74
3.1189999999999998,2.87045,70.0,0.3638833333333333,22.21,201.74
3.137,2.87045,70.0,0.3659833333333333,22.21,201.74
3.137,2.87045,70.0,0.3659833333333333,22.21,201.74
3.137,2.86846,70.0,0.3659833333333333,22.21,201.74
3.155,2.86846,70.0,0.3680833333333333,22.21,201.74
3.155,2.86846,70.0,0.3680833333333333,22.21,201.74
3.155,2.86649,70.0,0.3680833333333333,22.21,201.74
3.173,2.86649,70.0,0.37018333333333336,22.21,201.74
3.173,2.86649,70.0,0.37018333333333336,22.21,201.74
3.173,2.86456,70.0,0.37018333333333336,22.21,201.74
3.1919999999999997,2.86456,70.0,0.37239999999999995,22.21,201.74
3.1919999999999997,2.86456,70.0,0.37239999999999995,22.21,201.74
3.1919999999999997,2.86266,70.0,0.37239999999999995,22.21,201.74
3.21,2.86266,70.0,0.3745,22.21,201.74
3.21,2.86266,70.0,0.3745,22.21,201.74
3.21,2.86079,70.0,0.3745,22.21,201.74
3.228,2.86079,70.0,0.3766,22.21,201.74
3.228,2.86079,70.0,0.3766,22.21,201.74
3.228,2.85895,70.0,0.3766,22.21,201.74
3.2460000000000004,2.85895,70.0,0.37870000000000004,22.21,201.74
3.2460000000000004,2.85895,70.0,0.37870000000000004,22.21,201.74
3.2460000000000004,2.8571400000000002,70.0,0.37870000000000004,22.21,201.74
3.265,2.8571400000000002,70.0,0.3809166666666667,22.21,201.74
3.265,2.8571400000000002,70.0,0.3809166666666667,22.21,201.74
3.265,2.85535,70.0,0.3809166666666667,22.21,201.74
3.283,2.85535,70.0,0.38301666666666667,22.21,201.74
3.283,2.85535,70.0,0.38301666666666667,22.21,201.74
3.283,2.8536,70.0,0.38301666666666667,22.21,201.74
3.301,2.8536,70.0,0.3851166666666667,22.21,201.74
3.301,2.8536,70.0,0.3851166666666667,22.21,201.74
3.301,2.85186,70.0,0.3851166666666667,22.21,201.74
3.319,2.85186,70.0,0.38721666666666665,22.21,201.74
3.319,2.85186,70.0,0.38721666666666665,22.21,201.74
3.319,2.85016,70.0,0.38721666666666665,22.21,201.74
3.338,2.85016,70.0,0.38943333333333335,22.21,201.74
3.338,2.85016,70.0,0.38943333333333335,22.21,201.74
3.338,2.8484700000000003,70.0,0.38943333333333335,22.21,201.74
3.3560000000000003,2.8484700000000003,70.0,0.39153333333333334,22.21,201.74
3.3560000000000003,2.8484700000000003,70.0,0.39153333333333334,22.21,201.74
3.3560000000000003,2.8468,70.0,0.39153333333333334,22.21,201.74
3.3739999999999997,2.8468,70.0,0.3936333333333333,22.21,201.74
3.3739999999999997,2.8468,70.0,0.3936333333333333,22.21,201.74
3.3739999999999997,2.84516,70.0,0.3936333333333333,22.21,201.74
3.392,2.84516,70.0,0.3957333333333333,22.21,201.74
3.392,2.84516,70.0,0.3957333333333333,22.21,201.74
3.392,2.84353,70.0,0.3957333333333333,22.21,201.74
3.411,2.84353,70.0,0.39795,22.21,201.74
3.411,2.84353,70.0,0.39795,22.21,201.74
3.411,2.84192,70.0,0.39795,22.21,201.74
3.429,2.84192,70.0,0.40005,22.21,201.74
3.429,2.84192,70.0,0.40005,22.21,201.74
3.429,2.84033,70.0,0.40005,22.21,201.74
3.447,2.84033,70.0,0.40215,22.21,201.74
3.447,2.84033,70.0,0.40215,22.21,201.74
3.447,2.83875,70.0,0.40215,22.21,201.74
3.465,2.83875,70.0,0.40425,22.21,201.74
3.465,2.83875,70.0,0.40425,22.21,201.74
3.465,2.83719,70.0,0.40425,22.21,201.74
3.484,2.83719,70.0,0.40646666666666664,22.21,201.74
3.484,2.83719,70.0,0.40646666666666664,22.21,201.74
3.484,2.83564,70.0,0.40646666666666664,22.21,201.74
3.502,2.83564,70.0,0.40856666666666663,22.21,201.74
3.502,2.83564,70.0,0.40856666666666663,22.21,201.74
3.502,2.83411,70.0,0.40856666666666663,22.21,201.74
3.52,2.83411,70.0,0.4106666666666667,22.21,201.74
3.52,2.83411,70.0,0.4106666666666667,22.21,201.74
3.52,2.83258,70.0,0.4106666666666667,22.21,201.74
3.5380000000000003,2.83258,70.0,0.4127666666666667,22.21,201.74
3.5380000000000003,2.83258,70.0,0.4127666666666667,22.21,201.74
3.5380000000000003,2.83108,70.0,0.4127666666666667,22.21,201.74
3.557,2.83108,70.0,0.41498333333333337,22.21,201.74
3.557,2.83108,70.0,0.41498333333333337,22.21,201.74
3.557,2.82958,70.0,0.41498333333333337,22.21,201.74
3.575,2.82958,70.0,0.4170833333333333,22.21,201.74
3.575,2.82958,70.0,0.4170833333333333,22.21,201.74
3.575,2.8281,70.0,0.4170833333333333,22.21,201.74
3.593,2.8281,70.0,0.4191833333333333,22.21,201.74
3.593,2.8281,70.0,0.4191833333333333,22.21,201.74
3.593,2.82662,70.0,0.4191833333333333,22.21,201.74
3.611,2.82662,70.0,0.42128333333333334,22.21,201.74
3.611,2.82662,70.0,0.42128333333333334,22.21,201.74
3.611,2.82516,70.0,0.42128333333333334,22.21,201.74
3.63,2.82516,70.0,0.4235,22.21,201.74
3.63,2.82516,70.0,0.4235,22.21,201.74
3.63,2.8237099999999997,70.0,0.4235,22.21,201.74
3.648,2.8237099999999997,70.0,0.42560000000000003,22.21,201.74
3.648,2.8237099999999997,70.0,0.42560000000000003,22.21,201.74
3.648,2.82226,70.0,0.42560000000000003,22.21,201.74
3.6660000000000004,2.82226,70.0,0.4277,22.21,201.74
3.6660000000000004,2.82226,70.0,0.4277,22.21,201.74
3.6660000000000004,2.82083,70.0,0.4277,22.21,201.74
3.6839999999999997,2.82083,70.0,0.4298,22.21,201.74
3.6839999999999997,2.82083,70.0,0.4298,22.21,201.74
3.6839999999999997,2.81941,70.0,0.4298,22.21,201.74
3.7030000000000003,2.81941,70.0,0.4320166666666667,22.21,201.74
3.7030000000000003,2.81941,70.0,0.4320166666666667,22.21,201.74
3.7030000000000003,2.81799,70.0,0.4320166666666667,22.21,201.74
3.721,2.81799,70.0,0.4341166666666667,22.21,201.74
3.721,2.81799,70.0,0.4341166666666667,22.21,201.74
3.721,2.81659,70.0,0.4341166666666667,22.21,201.74
3.739,2.81659,70.0,0.4362166666666667,22.21,201.74
3.739,2.81659,70.0,0.4362166666666667,22.21,201.74
3.739,2.8151900000000003,70.0,0.4362166666666667,22.21,201.74
3.7569999999999997,2.8151900000000003,70.0,0.4383166666666666,22.21,201.74
3.7569999999999997,2.8151900000000003,70.0,0.4383166666666666,22.21,201.74
3.7569999999999997,2.8138,70.0,0.4383166666666666,22.21,201.74
3.7760000000000002,2.8138,70.0,0.44053333333333333,22.21,201.74
3.7760000000000002,2.8138,70.0,0.44053333333333333,22.21,201.74
3.7760000000000002,2.81241,70.0,0.44053333333333333,22.21,201.74
3.7939999999999996,2.81241,70.0,0.4426333333333333,22.21,201.74
3.7939999999999996,2.81241,70.0,0.4426333333333333,22.21,201.74
3.7939999999999996,2.81104,70.0,0.4426333333333333,22.21,201.74
3.812,2.81104,70.0,0.4447333333333333,22.21,201.74
3.812,2.81104,70.0,0.4447333333333333,22.21,201.74
3.812,2.80967,70.0,0.4447333333333333,22.21,201.74
3.83,2.80967,70.0,0.44683333333333336,22.21,201.74
3.83,2.80967,70.0,0.44683333333333336,22.21,201.74
3.83,2.8083099999999996,70.0,0.44683333333333336,22.21,201.74
3.8489999999999998,2.8083099999999996,70.0,0.44905,22.21,201.74
3.8489999999999998,2.8083099999999996,70.0,0.44905,22.21,201.74
3.8489999999999998,2.80695,70.0,0.44905,22.21,201.74
3.867,2.80695,70.0,0.45115,22.21,201.74
3.867,2.80695,70.0,0.45115,22.21,201.74
3.867,2.8056,70.0,0.45115,22.21,201.74
3.885,2.8056,70.0,0.45325,22.21,201.74
3.885,2.8056,70.0,0.45325,22.21,201.74
3.885,2.8042599999999998,70.0,0.45325,22.21,201.74
3.903,2.8042599999999998,70.0,0.45535,22.21,201.74
3.903,2.8042599999999998,70.0,0.45535,22.21,201.74
3.903,2.80292,70.0,0.45535,22.21,201.74
3.9219999999999997,2.80292,70.0,0.4575666666666666,22.21,201.74
3.9219999999999997,2.80292,70.0,0.4575666666666666,22.21,201.74
3.9219999999999997,2.80159,70.0,0.4575666666666666,22.21,201.74
3.94,2.80159,70.0,0.45966666666666667,22.21,201.74
3.94,2.80159,70.0,0.45966666666666667,22.21,201.74
3.94,2.8002599999999997,70.0,0.45966666666666667,22.21,201.74
3.958,2.8002599999999997,70.0,0.46176666666666666,22.21,201.74
3.958,2.8002599999999997,70.0,0.46176666666666666,22.21,201.74
3.958,2.79894,70.0,0.46176666666666666,22.21,201.74
3.9760000000000004,2.79894,70.0,0.46386666666666676,22.21,201.74
3.9760000000000004,2.79894,70.0,0.46386666666666676,22.21,201.74
3.9760000000000004,2.79762,70.0,0.46386666666666676,22.21,201.74
3.995,2.79762,70.0,0.4660833333333334,22.21,201.74
3.995,2.79762,70.0,0.4660833333333334,22.21,201.74
3.995,2.79631,70.0,0.4660833333333334,22.21,201.74
4.013,2.79631,70.0,0.4681833333333333,22.21,201.74
4.013,2.79631,70.0,0.4681833333333333,22.21,201.74
4.013,2.795,70.0,0.4681833333333333,22.21,201.74
4.031000000000001,2.795,70.0,0.4702833333333334,22.21,201.74
4.031000000000001,2.795,70.0,0.4702833333333334,22.21,201.74
4.031000000000001,2.7937,70.0,0.4702833333333334,22.21,201.74
4.05,2.7937,70.0,0.4725,22.21,201.74
4.05,2.7937,70.0,0.4725,22.21,201.74
4.05,2.7924,70.0,0.4725,22.21,201.74
4.0680000000000005,2.7924,70.0,0.4746000000000001,22.21,201.74
4.0680000000000005,2.7924,70.0,0.4746000000000001,22.21,201.74
4.0680000000000005,2.7911,70.0,0.4746000000000001,22.21,201.74
4.086,2.7911,70.0,0.47670000000000007,22.21,201.74
4.086,2.7911,70.0,0.47670000000000007,22.21,201.74
4.086,2.7898099999999997,70.0,0.47670000000000007,22.21,201.74
4.104,2.7898099999999997,70.0,0.47880000000000006,22.21,201.74
4.104,2.7898099999999997,70.0,0.47880000000000006,22.21,201.74
4.104,2.78852,70.0,0.47880000000000006,22.21,201.74
4.123,2.78852,70.0,0.4810166666666667,22.21,201.74
4.123,2.78852,70.0,0.4810166666666667,22.21,201.74
4.123,2.78724,70.0,0.4810166666666667,22.21,201.74
4.141,2.78724,70.0,0.4831166666666667,22.21,201.74
4.141,2.78724,70.0,0.4831166666666667,22.21,201.74
4.141,2.78595,70.0,0.4831166666666667,22.21,201.74
4.159,2.78595,70.0,0.4852166666666667,22.21,201.74
4.159,2.78595,70.0,0.4852166666666667,22.21,201.74
4.159,2.78467,70.0,0.4852166666666667,22.21,201.74
4.177,2.78467,70.0,0.4873166666666666,22.21,201.74
4.177,2.78467,70.0,0.4873166666666666,22.21,201.74
4.177,2.7834,70.0,0.4873166666666666,22.21,201.74
4.196000000000001,2.7834,70.0,0.4895333333333334,22.21,201.74
4.196000000000001,2.7834,70.0,0.4895333333333334,22.21,201.74
4.196000000000001,2.78212,70.0,0.4895333333333334,22.21,201.74
4.2139999999999995,2.78212,70.0,0.49163333333333326,22.21,201.74
4.2139999999999995,2.78212,70.0,0.49163333333333326,22.21,201.74
4.2139999999999995,2.78085,70.0,0.49163333333333326,22.21,201.74
4.232,2.78085,70.0,0.49373333333333336,22.21,201.74
4.232,2.78085,70.0,0.49373333333333336,22.21,201.74
4.232,2.7795799999999997,70.0,0.49373333333333336,22.21,201.74
4.25,2.7795799999999997,70.0,0.49583333333333335,22.21,201.74
4.25,2.7795799999999997,70.0,0.49583333333333335,22.21,201.74
4.25,2.77831,70.0,0.49583333333333335,22.21,201.74
4.269,2.77831,70.0,0.49805,22.21,201.74
4.269,2.77831,70.0,0.49805,22.21,201.74
4.269,2.77705,70.0,0.49805,22.21,201.74
4.287,2.77705,70.0,0.50015,22.21,201.74
4.287,2.77705,70.0,0.50015,22.21,201.74
4.287,2.77578,70.0,0.50015,22.21,201.74
4.305,2.77578,70.0,0.50225,22.21,201.74
4.305,2.77578,70.0,0.50225,22.21,201.74
4.305,2.77452,70.0,0.50225,22.21,201.74
4.323,2.77452,70.0,0.5043500000000001,22.21,201.74
4.323,2.77452,70.0,0.5043500000000001,22.21,201.74
4.323,2.77326,70.0,0.5043500000000001,22.21,201.74
4.342,2.77326,70.0,0.5065666666666666,22.21,201.74
4.342,2.77326,70.0,0.5065666666666666,22.21,201.74
4.342,2.772,70.0,0.5065666666666666,22.21,201.74
4.36,2.772,70.0,0.5086666666666667,22.21,201.74
4.36,2.772,70.0,0.5086666666666667,22.21,201.74
4.36,2.77074,70.0,0.5086666666666667,22.21,201.74
4.378,2.77074,70.0,0.5107666666666667,22.21,201.74
4.378,2.77074,70.0,0.5107666666666667,22.21,201.74
4.378,2.7694799999999997,70.0,0.5107666666666667,22.21,201.74
4.396,2.7694799999999997,70.0,0.5128666666666666,22.21,201.74
4.396,2.7694799999999997,70.0,0.5128666666666666,22.21,201.74
4.396,2.76822,70.0,0.5128666666666666,22.21,201.74
4.415,2.76822,70.0,0.5150833333333333,22.21,201.74
4.415,2.76822,70.0,0.5150833333333333,22.21,201.74
4.415,2.7669599999999996,70.0,0.5150833333333333,22.21,201.74
4.433,2.7669599999999996,70.0,0.5171833333333333,22.21,201.74
4.433,2.7669599999999996,70.0,0.5171833333333333,22.21,201.74
4.433,2.76571,70.0,0.5171833333333333,22.21,201.74
4.4510000000000005,2.76571,70.0,0.5192833333333334,22.21,201.74
4.4510000000000005,2.76571,70.0,0.5192833333333334,22.21,201.74
4.4510000000000005,2.76445,70.0,0.5192833333333334,22.21,201.74
4.468999999999999,2.76445,70.0,0.5213833333333333,22.21,201.74
4.468999999999999,2.76445,70.0,0.5213833333333333,22.21,201.74
4.468999999999999,2.7632,70.0,0.5213833333333333,22.21,201.74
4.488,2.7632,70.0,0.5236000000000001,22.21,201.74
4.488,2.7632,70.0,0.5236000000000001,22.21,201.74
4.488,2.76194,70.0,0.5236000000000001,22.21,201.74
4.506,2.76194,70.0,0.5257000000000001,22.21,201.74
4.506,2.76194,70.0,0.5257000000000001,22.21,201.74
4.506,2.76068,70.0,0.5257000000000001,22.21,201.74
4.524,2.76068,70.0,0.5278,22.21,201.74
4.524,2.76068,70.0,0.5278,22.21,201.74
4.524,2.75943,70.0,0.5278,22.21,201.74
4.542,2.75943,70.0,0.5299,22.21,201.74
4.542,2.75943,70.0,0.5299,22.21,201.74
4.542,2.7581700000000002,70.0,0.5299,22.21,201.74
4.561,2.7581700000000002,70.0,0.5321166666666667,22.21,201.74
4.561,2.7581700000000002,70.0,0.5321166666666667,22.21,201.74
4.561,2.75691,70.0,0.5321166666666667,22.21,201.74
4.579,2.75691,70.0,0.5342166666666667,22.21,201.74
4.579,2.75691,70.0,0.5342166666666667,22.21,201.74
4.579,2.75565,70.0,0.5342166666666667,22.21,201.74
4.5969999999999995,2.75565,70.0,0.5363166666666666,22.21,201.74
4.5969999999999995,2.75565,70.0,0.5363166666666666,22.21,201.74
4.5969999999999995,2.7543900000000003,70.0,0.5363166666666666,22.21,201.74
4.615,2.7543900000000003,70.0,0.5384166666666667,22.21,201.74
4.615,2.7543900000000003,70.0,0.5384166666666667,22.21,201.74
4.615,2.75313,70.0,0.5384166666666667,22.21,201.74
4.6339999999999995,2.75313,70.0,0.5406333333333332,22.21,201.74
4.6339999999999995,2.75313,70.0,0.5406333333333332,22.21,201.74
4.6339999999999995,2.7518700000000003,70.0,0.5406333333333332,22.21,201.74
4.652,2.7518700000000003,70.0,0.5427333333333333,22.21,201.74
4.652,2.7518700000000003,70.0,0.5427333333333333,22.21,201.74
4.652,2.75061,70.0,0.5427333333333333,22.21,201.74
4.67,2.75061,70.0,0.5448333333333333,22.21,201.74
4.67,2.75061,70.0,0.5448333333333333,22.21,201.74
4.67,2.74934,70.0,0.5448333333333333,22.21,201.74
4.688,2.74934,70.0,0.5469333333333333,22.21,201.74
4.688,2.74934,70.0,0.5469333333333333,22.21,201.74
4.688,2.7480700000000002,70.0,0.5469333333333333,22.21,201.74
4.707,2.7480700000000002,70.0,0.54915,22.21,201.74
4.707,2.7480700000000002,70.0,0.54915,22.21,201.74
4.707,2.7468,70.0,0.54915,22.21,201.74
4.725,2.7468,70.0,0.55125,22.21,201.74
4.725,2.7468,70.0,0.55125,22.21,201.74
4.725,2.74553,70.0,0.55125,22.21,201.74
4.743,2.74553,70.0,0.5533500000000001,22.21,201.74
4.743,2.74553,70.0,0.5533500000000001,22.21,201.74
4.743,2.7442599999999997,70.0,0.5533500000000001,22.21,201.74
4.761,2.7442599999999997,70.0,0.55545,22.21,201.74
4.761,2.7442599999999997,70.0,0.55545,22.21,201.74
4.761,2.7429799999999998,70.0,0.55545,22.21,201.74
4.78,2.7429799999999998,70.0,0.5576666666666668,22.21,201.74
4.78,2.7429799999999998,70.0,0.5576666666666668,22.21,201.74
4.78,2.7417,70.0,0.5576666666666668,22.21,201.74
4.798,2.7417,70.0,0.5597666666666666,22.21,201.74
4.798,2.7417,70.0,0.5597666666666666,22.21,201.74
4.798,2.74042,70.0,0.5597666666666666,22.21,201.74
4.816,2.74042,70.0,0.5618666666666666,22.21,201.74
4.816,2.74042,70.0,0.5618666666666666,22.21,201.74
4.816,2.73913,70.0,0.5618666666666666,22.21,201.74
4.834,2.73913,70.0,0.5639666666666666,22.21,201.74
4.834,2.73913,70.0,0.5639666666666666,22.21,201.74
4.834,2.7378400000000003,70.0,0.5639666666666666,22.21,201.74
4.853,2.7378400000000003,70.0,0.5661833333333333,22.21,201.74
4.853,2.7378400000000003,70.0,0.5661833333333333,22.21,201.74
4.853,2.73655,70.0,0.5661833333333333,22.21,201.74
4.871,2.73655,70.0,0.5682833333333334,22.21,201.74
4.871,2.73655,70.0,0.5682833333333334,22.21,201.74
4.871,2.73525,70.0,0.5682833333333334,22.21,201.74
4.888999999999999,2.73525,70.0,0.5703833333333332,22.21,201.74
4.888999999999999,2.73525,70.0,0.5703833333333332,22.21,201.74
4.888999999999999,2.73395,70.0,0.5703833333333332,22.21,201.74
4.907,2.73395,70.0,0.5724833333333333,22.21,201.74
4.907,2.73395,70.0,0.5724833333333333,22.21,201.74
4.907,2.73264,70.0,0.5724833333333333,22.21,201.74
4.926,2.73264,70.0,0.5747,22.21,201.74
4.926,2.73264,70.0,0.5747,22.21,201.74
4.926,2.73133,70.0,0.5747,22.21,201.74
4.944,2.73133,70.0,0.5768,22.21,201.74
4.944,2.73133,70.0,0.5768,22.21,201.74
4.944,2.73002,70.0,0.5768,22.21,201.74
4.962,2.73002,70.0,0.5789,22.21,201.74
4.962,2.73002,70.0,0.5789,22.21,201.74
4.962,2.7287,70.0,0.5789,22.21,201.74
4.98,2.7287,70.0,0.5810000000000001,22.21,201.74
4.98,2.7287,70.0,0.5810000000000001,22.21,201.74
4.98,2.72737,70.0,0.5810000000000001,22.21,201.74
4.999,2.72737,70.0,0.5832166666666666,22.21,201.74
4.999,2.72737,70.0,0.5832166666666666,22.21,201.74
4.999,2.7260400000000002,70.0,0.5832166666666666,22.21,201.74
5.0169999999999995,2.7260400000000002,70.0,0.5853166666666666,22.21,201.74
5.0169999999999995,2.7260400000000002,70.0,0.5853166666666666,22.21,201.74
5.0169999999999995,2.7247,70.0,0.5853166666666666,22.21,201.74
5.035,2.7247,70.0,0.5874166666666667,22.21,201.74
5.035,2.7247,70.0,0.5874166666666667,22.21,201.74
5.035,2.72336,70.0,0.5874166666666667,22.21,201.74
5.053999999999999,2.72336,70.0,0.5896333333333333,22.21,201.74
5.053999999999999,2.72336,70.0,0.5896333333333333,22.21,201.74
5.053999999999999,2.72201,70.0,0.5896333333333333,22.21,201.74
5.072,2.72201,70.0,0.5917333333333333,22.21,201.74
5.072,2.72201,70.0,0.5917333333333333,22.21,201.74
5.072,2.72065,70.0,0.5917333333333333,22.21,201.74
5.09,2.72065,70.0,0.5938333333333333,22.21,201.74
5.09,2.72065,70.0,0.5938333333333333,22.21,201.74
5.09,2.71928,70.0,0.5938333333333333,22.21,201.74
5.1080000000000005,2.71928,70.0,0.5959333333333334,22.21,201.74
5.1080000000000005,2.71928,70.0,0.5959333333333334,22.21,201.74
5.1080000000000005,2.71791,70.0,0.5959333333333334,22.21,201.74
5.127000000000001,2.71791,70.0,0.5981500000000001,22.21,201.74
5.127000000000001,2.71791,70.0,0.5981500000000001,22.21,201.74
5.127000000000001,2.71653,70.0,0.5981500000000001,22.21,201.74
5.145,2.71653,70.0,0.60025,22.21,201.74
5.145,2.71653,70.0,0.60025,22.21,201.74
5.145,2.7151400000000003,70.0,0.60025,22.21,201.74
5.162999999999999,2.7151400000000003,70.0,0.6023499999999999,22.21,201.74
5.162999999999999,2.7151400000000003,70.0,0.6023499999999999,22.21,201.74
5.162999999999999,2.71375,70.0,0.6023499999999999,22.21,201.74
5.181,2.71375,70.0,0.60445,22.21,201.74
5.181,2.71375,70.0,0.60445,22.21,201.74
5.181,2.71234,70.0,0.60445,22.21,201.74
5.2,2.71234,70.0,0.6066666666666667,22.21,201.74
5.2,2.71234,70.0,0.6066666666666667,22.21,201.74
5.2,2.71092,70.0,0.6066666666666667,22.21,201.74
5.218,2.71092,70.0,0.6087666666666667,22.21,201.74
5.218,2.71092,70.0,0.6087666666666667,22.21,201.74
5.218,2.7095,70.0,0.6087666666666667,22.21,201.74
5.236000000000001,2.7095,70.0,0.6108666666666668,22.21,201.74
5.236000000000001,2.7095,70.0,0.6108666666666668,22.21,201.74
5.236000000000001,2.7080599999999997,70.0,0.6108666666666668,22.21,201.74
5.254,2.7080599999999997,70.0,0.6129666666666667,22.21,201.74
5.254,2.7080599999999997,70.0,0.6129666666666667,22.21,201.74
5.254,2.70662,70.0,0.6129666666666667,22.21,201.74
5.273,2.70662,70.0,0.6151833333333333,22.21,201.74
5.273,2.70662,70.0,0.6151833333333333,22.21,201.74
5.273,2.70516,70.0,0.6151833333333333,22.21,201.74
5.291,2.70516,70.0,0.6172833333333333,22.21,201.74
5.291,2.70516,70.0,0.6172833333333333,22.21,201.74
5.291,2.7037,70.0,0.6172833333333333,22.21,201.74
5.309,2.7037,70.0,0.6193833333333333,22.21,201.74
5.309,2.7037,70.0,0.6193833333333333,22.21,201.74
5.309,2.70222,70.0,0.6193833333333333,22.21,201.74
5.327000000000001,2.70222,70.0,0.6214833333333334,22.21,201.74
5.327000000000001,2.70222,70.0,0.6214833333333334,22.21,201.74
5.327000000000001,2.70072,70.0,0.6214833333333334,22.21,201.74
5.346,2.70072,70.0,0.6237,22.21,201.74
5.346,2.70072,70.0,0.6237,22.21,201.74
5.346,2.69922,70.0,0.6237,22.21,201.74
5.364,2.69922,70.0,0.6258,22.21,201.74
5.364,2.69922,70.0,0.6258,22.21,201.74
5.364,2.6977,70.0,0.6258,22.21,201.74
5.382000000000001,2.6977,70.0,0.6279000000000001,22.21,201.74
5.382000000000001,2.6977,70.0,0.6279000000000001,22.21,201.74
5.382000000000001,2.69617,70.0,0.6279000000000001,22.21,201.74
5.4,2.69617,70.0,0.63,22.21,201.74
5.4,2.69617,70.0,0.63,22.21,201.74
5.4,2.69463,70.0,0.63,22.21,201.74
5.419,2.69463,70.0,0.6322166666666666,22.21,201.74
5.419,2.69463,70.0,0.6322166666666666,22.21,201.74
5.419,2.69307,70.0,0.6322166666666666,22.21,201.74
5.437,2.69307,70.0,0.6343166666666668,22.21,201.74
5.437,2.69307,70.0,0.6343166666666668,22.21,201.74
5.437,2.69149,70.0,0.6343166666666668,22.21,201.74
5.455,2.69149,70.0,0.6364166666666667,22.21,201.74
5.455,2.69149,70.0,0.6364166666666667,22.21,201.74
5.455,2.6899,70.0,0.6364166666666667,22.21,201.74
5.473,2.6899,70.0,0.6385166666666667,22.21,201.74
5.473,2.6899,70.0,0.6385166666666667,22.21,201.74
5.473,2.6882900000000003,70.0,0.6385166666666667,22.21,201.74
5.492000000000001,2.6882900000000003,70.0,0.6407333333333334,22.21,201.74
5.492000000000001,2.6882900000000003,70.0,0.6407333333333334,22.21,201.74
5.492000000000001,2.68667,70.0,0.6407333333333334,22.21,201.74
5.51,2.68667,70.0,0.6428333333333334,22.21,201.74
5.51,2.68667,70.0,0.6428333333333334,22.21,201.74
5.51,2.68503,70.0,0.6428333333333334,22.21,201.74
5.528,2.68503,70.0,0.6449333333333332,22.21,201.74
5.528,2.68503,70.0,0.6449333333333332,22.21,201.74
5.528,2.68337,70.0,0.6449333333333332,22.21,201.74
5.546,2.68337,70.0,0.6470333333333333,22.21,201.74
5.546,2.68337,70.0,0.6470333333333333,22.21,201.74
5.546,2.68169,70.0,0.6470333333333333,22.21,201.74
5.565,2.68169,70.0,0.64925,22.21,201.74
5.565,2.68169,70.0,0.64925,22.21,201.74
5.565,2.67999,70.0,0.64925,22.21,201.74
5.582999999999999,2.67999,70.0,0.6513499999999999,22.21,201.74
5.582999999999999,2.67999,70.0,0.6513499999999999,22.21,201.74
5.582999999999999,2.67827,70.0,0.6513499999999999,22.21,201.74
5.601,2.67827,70.0,0.65345,22.21,201.74
5.601,2.67827,70.0,0.65345,22.21,201.74
5.601,2.67652,70.0,0.65345,22.21,201.74
5.619,2.67652,70.0,0.65555,22.21,201.74
5.619,2.67652,70.0,0.65555,22.21,201.74
5.619,2.67476,70.0,0.65555,22.21,201.74
5.638,2.67476,70.0,0.6577666666666666,22.21,201.74
5.638,2.67476,70.0,0.6577666666666666,22.21,201.74
5.638,2.6729700000000003,70.0,0.6577666666666666,22.21,201.74
5.656000000000001,2.6729700000000003,70.0,0.6598666666666667,22.21,201.74
5.656000000000001,2.6729700000000003,70.0,0.6598666666666667,22.21,201.74
5.656000000000001,2.67115,70.0,0.6598666666666667,22.21,201.74
5.6739999999999995,2.67115,70.0,0.6619666666666666,22.21,201.74
5.6739999999999995,2.67115,70.0,0.6619666666666666,22.21,201.74
5.6739999999999995,2.66931,70.0,0.6619666666666666,22.21,201.74
5.692,2.66931,70.0,0.6640666666666667,22.21,201.74
5.692,2.66931,70.0,0.6640666666666667,22.21,201.74
5.692,2.66745,70.0,0.6640666666666667,22.21,201.74
5.711,2.66745,70.0,0.6662833333333334,22.21,201.74
5.711,2.66745,70.0,0.6662833333333334,22.21,201.74
5.711,2.66555,70.0,0.6662833333333334,22.21,201.74
5.729,2.66555,70.0,0.6683833333333333,22.21,201.74
5.729,2.66555,70.0,0.6683833333333333,22.21,201.74
5.729,2.66362,70.0,0.6683833333333333,22.21,201.74
5.747000000000001,2.66362,70.0,0.6704833333333334,22.21,201.74
5.747000000000001,2.66362,70.0,0.6704833333333334,22.21,201.74
5.747000000000001,2.66167,70.0,0.6704833333333334,22.21,201.74
5.765,2.66167,70.0,0.6725833333333333,22.21,201.74
5.765,2.66167,70.0,0.6725833333333333,22.21,201.74
5.765,2.65968,70.0,0.6725833333333333,22.21,201.74
5.784,2.65968,70.0,0.6748,22.21,201.74
5.784,2.65968,70.0,0.6748,22.21,201.74
5.784,2.65765,70.0,0.6748,22.21,201.74
5.8020000000000005,2.65765,70.0,0.6769000000000001,22.21,201.74
5.8020000000000005,2.65765,70.0,0.6769000000000001,22.21,201.74
5.8020000000000005,2.65559,70.0,0.6769000000000001,22.21,201.74
5.82,2.65559,70.0,0.679,22.21,201.74
5.82,2.65559,70.0,0.679,22.21,201.74
5.82,2.65349,70.0,0.679,22.21,201.74
5.837999999999999,2.65349,70.0,0.6810999999999999,22.21,201.74
5.837999999999999,2.65349,70.0,0.6810999999999999,22.21,201.74
5.837999999999999,2.65135,70.0,0.6810999999999999,22.21,201.74
5.857,2.65135,70.0,0.6833166666666667,22.21,201.74
5.857,2.65135,70.0,0.6833166666666667,22.21,201.74
5.857,2.6491700000000002,70.0,0.6833166666666667,22.21,201.74
5.875,2.6491700000000002,70.0,0.6854166666666667,22.21,201.74
5.875,2.6491700000000002,70.0,0.6854166666666667,22.21,201.74
5.875,2.6469400000000003,70.0,0.6854166666666667,22.21,201.74
5.893,2.6469400000000003,70.0,0.6875166666666667,22.21,201.74
5.893,2.6469400000000003,70.0,0.6875166666666667,22.21,201.74
5.893,2.64466,70.0,0.6875166666666667,22.21,201.74
5.9110000000000005,2.64466,70.0,0.6896166666666668,22.21,201.74
5.9110000000000005,2.64466,70.0,0.6896166666666668,22.21,201.74
5.9110000000000005,2.64233,70.0,0.6896166666666668,22.21,201.74
5.93,2.64233,70.0,0.6918333333333333,22.21,201.74
5.93,2.64233,70.0,0.6918333333333333,22.21,201.74
5.93,2.63995,70.0,0.6918333333333333,22.21,201.74
5.9479999999999995,2.63995,70.0,0.6939333333333333,22.21,201.74
5.9479999999999995,2.63995,70.0,0.6939333333333333,22.21,201.74
5.9479999999999995,2.63751,70.0,0.6939333333333333,22.21,201.74
5.966,2.63751,70.0,0.6960333333333334,22.21,201.74
5.966,2.63751,70.0,0.6960333333333334,22.21,201.74
5.966,2.63501,70.0,0.6960333333333334,22.21,201.74
5.984,2.63501,70.0,0.6981333333333333,22.21,201.74
5.984,2.63501,70.0,0.6981333333333333,22.21,201.74
5.984,2.6324400000000003,70.0,0.6981333333333333,22.21,201.74
6.002999999999999,2.6324400000000003,70.0,0.7003499999999999,22.21,201.74
6.002999999999999,2.6324400000000003,70.0,0.7003499999999999,22.21,201.74
6.002999999999999,2.6297900000000003,70.0,0.7003499999999999,22.21,201.74
6.021,2.6297900000000003,70.0,0.7024499999999999,22.21,201.74
6.021,2.6297900000000003,70.0,0.7024499999999999,22.21,201.74
6.021,2.62708,70.0,0.7024499999999999,22.21,201.74
6.039,2.62708,70.0,0.7045499999999999,22.21,201.74
6.039,2.62708,70.0,0.7045499999999999,22.21,201.74
6.039,2.6242799999999997,70.0,0.7045499999999999,22.21,201.74
6.058,2.6242799999999997,70.0,0.7067666666666667,22.21,201.74
6.058,2.6242799999999997,70.0,0.7067666666666667,22.21,201.74
6.058,2.6213900000000003,70.0,0.7067666666666667,22.21,201.74
6.0760000000000005,2.6213900000000003,70.0,0.7088666666666668,22.21,201.74
6.0760000000000005,2.6213900000000003,70.0,0.7088666666666668,22.21,201.74
6.0760000000000005,2.6184,70.0,0.7088666666666668,22.21,201.74
6.093999999999999,2.6184,70.0,0.7109666666666666,22.21,201.74
6.093999999999999,2.6184,70.0,0.7109666666666666,22.21,201.74
6.093999999999999,2.61531,70.0,0.7109666666666666,22.21,201.74
6.112,2.61531,70.0,0.7130666666666667,22.21,201.74
6.112,2.61531,70.0,0.7130666666666667,22.21,201.74
6.112,2.6121,70.0,0.7130666666666667,22.21,201.74
6.131,2.6121,70.0,0.7152833333333334,22.21,201.74
6.131,2.6121,70.0,0.7152833333333334,22.21,201.74
6.131,2.6087599999999997,70.0,0.7152833333333334,22.21,201.74
6.149,2.6087599999999997,70.0,0.7173833333333334,22.21,201.74
6.149,2.6087599999999997,70.0,0.7173833333333334,22.21,201.74
6.149,2.60529,70.0,0.7173833333333334,22.21,201.74
6.167000000000001,2.60529,70.0,0.7194833333333335,22.21,201.74
6.167000000000001,2.60529,70.0,0.7194833333333335,22.21,201.74
6.167000000000001,2.60167,70.0,0.7194833333333335,22.21,201.74
6.185,2.60167,70.0,0.7215833333333334,22.21,201.74
6.185,2.60167,70.0,0.7215833333333334,22.21,201.74
6.185,2.59788,70.0,0.7215833333333334,22.21,201.74
6.204,2.59788,70.0,0.7238,22.21,201.74
6.204,2.59788,70.0,0.7238,22.21,201.74
6.204,2.5939,70.0,0.7238,22.21,201.74
6.222,2.5939,70.0,0.7259,22.21,201.74
6.222,2.5939,70.0,0.7259,22.21,201.74
6.222,2.5897099999999997,70.0,0.7259,22.21,201.74
6.24,2.5897099999999997,70.0,0.728,22.21,201.74
6.24,2.5897099999999997,70.0,0.728,22.21,201.74
6.24,2.58528,70.0,0.728,22.21,201.74
6.257999999999999,2.58528,70.0,0.7300999999999999,22.21,201.74
6.257999999999999,2.58528,70.0,0.7300999999999999,22.21,201.74
6.257999999999999,2.58059,70.0,0.7300999999999999,22.21,201.74
6.277,2.58059,70.0,0.7323166666666666,22.21,201.74
6.277,2.58059,70.0,0.7323166666666666,22.21,201.74
6.277,2.57559,70.0,0.7323166666666666,22.21,201.74
6.295,2.57559,70.0,0.7344166666666666,22.21,201.74
6.295,2.57559,70.0,0.7344166666666666,22.21,201.74
6.295,2.57024,70.0,0.7344166666666666,22.21,201.74
6.313,2.57024,70.0,0.7365166666666666,22.21,201.74
6.313,2.57024,70.0,0.7365166666666666,22.21,201.74
6.313,2.56449,70.0,0.7365166666666666,22.21,201.74
6.331,2.56449,70.0,0.7386166666666667,22.21,201.74
6.331,2.56449,70.0,0.7386166666666667,22.21,201.74
6.331,2.5582700000000003,70.0,0.7386166666666667,22.21,201.74
6.35,2.5582700000000003,70.0,0.7408333333333333,22.21,201.74
6.35,2.5582700000000003,70.0,0.7408333333333333,22.21,201.74
6.35,2.5514900000000003,70.0,0.7408333333333333,22.21,201.74
6.367999999999999,2.5514900000000003,70.0,0.7429333333333332,22.21,201.74
6.367999999999999,2.5514900000000003,70.0,0.7429333333333332,22.21,201.74
6.367999999999999,2.5440400000000003,70.0,0.7429333333333332,22.21,201.74
6.386,2.5440400000000003,70.0,0.7450333333333333,22.21,201.74
6.386,2.5440400000000003,70.0,0.7450333333333333,22.21,201.74
6.386,2.53579,70.0,0.7450333333333333,22.21,201.74
6.404,2.53579,70.0,0.7471333333333333,22.21,201.74
6.404,2.53579,70.0,0.7471333333333333,22.21,201.74
6.404,2.5265299999999997,70.0,0.7471333333333333,22.21,201.74
6.422999999999999,2.5265299999999997,70.0,0.74935,22.21,201.74
6.422999999999999,2.5265299999999997,70.0,0.74935,22.21,201.74
6.422999999999999,2.5160299999999998,70.0,0.74935,22.21,201.74
6.441,2.5160299999999998,70.0,0.7514500000000001,22.21,201.74
6.441,2.5160299999999998,70.0,0.7514500000000001,22.21,201.74
6.441,2.50391,70.0,0.7514500000000001,22.21,201.74
6.459,2.50391,70.0,0.7535499999999999,22.21,201.74
6.459,2.50391,70.0,0.7535499999999999,22.21,201.74
6.459,2.48965,70.0,0.7535499999999999,22.21,201.74
6.477,2.48965,70.0,0.75565,22.21,201.74
6.477,2.48965,70.0,0.75565,22.21,201.74
6.477,2.47246,70.0,0.75565,22.21,201.74
6.496,2.47246,70.0,0.7578666666666667,22.21,201.74
6.496,2.47246,70.0,0.7578666666666667,22.21,201.74
6.496,2.45103,70.0,0.7578666666666667,22.21,201.74
6.513999999999999,2.45103,70.0,0.7599666666666666,22.21,201.74
6.513999999999999,2.45103,70.0,0.7599666666666666,22.21,201.74
6.513999999999999,2.4231,70.0,0.7599666666666666,22.21,201.74
6.532,2.4231,70.0,0.7620666666666667,22.21,201.74
6.532,2.4231,70.0,0.7620666666666667,22.21,201.74
6.532,2.38422,70.0,0.7620666666666667,22.21,201.74
6.55,2.38422,70.0,0.7641666666666667,22.21,201.74
6.55,2.38422,70.0,0.7641666666666667,22.21,201.74
6.55,2.32401,70.0,0.7641666666666667,22.21,201.74
6.569,2.32401,70.0,0.7663833333333333,22.21,201.74
6.569,2.32401,70.0,0.7663833333333333,22.21,201.74
6.569,2.2095700000000003,70.0,0.7663833333333333,22.21,201.74
6.587000000000001,2.2095700000000003,70.0,0.7684833333333334,22.21,201.74
6.587000000000001,2.2095700000000003,70.0,0.7684833333333334,22.21,201.74
6.587000000000001,1.80388,70.0,0.7684833333333334,22.21,201.74
